iteration,Fast (a=0.90),Medium (a=0.95),Slow (a=0.98),VerySlow (a=0.99 T0=20)
0,7.5309,7.5309,7.5309,7.5309
100,7.5309,7.5309,7.5309,7.5309
200,7.5309,7.5309,7.5309,7.5309
300,7.5309,7.5309,7.5309,7.5309
400,7.5309,7.5309,7.5309,7.5309
500,7.5309,7.5309,7.5309,7.5309
600,7.5309,7.5309,7.5309,7.5309
700,7.5309,7.5309,7.5309,7.5309
800,7.5309,7.5309,7.5309,7.5309
900,7.5309,7.5309,7.5309,7.5309
1000,7.5309,7.5309,7.5309,7.5309
1100,7.5309,7.5309,7.5309,7.5309
1200,7.5309,7.5309,7.5309,7.5309
1300,7.5309,7.5309,7.5309,7.5309
1400,7.5309,7.5309,7.5309,7.5309
1500,7.5309,7.5309,7.5309,7.5309
1600,7.5309,7.5309,7.5309,7.5309
1700,7.5309,7.5309,7.5309,7.5309
1800,7.5309,7.5309,7.5309,7.5309
1900,7.5309,7.5309,7.5309,7.5309
2000,7.5309,7.5309,7.5309,7.5309
2100,7.5309,7.5309,7.5309,7.5309
2200,7.5309,7.5309,7.5309,7.5309
2300,7.5309,7.5309,7.5309,7.5309
2400,7.5309,7.5309,7.5309,7.5309
2500,7.5309,7.5309,7.5309,7.5309
2600,7.5309,7.5309,7.5309,7.5309
2700,7.5309,7.5309,7.5309,7.5309
2800,7.5309,7.5309,7.5309,7.5309
2900,7.5309,7.5309,7.5309,7.5309
3000,7.5309,7.5309,7.5309,7.5309
3100,7.5309,7.5309,7.5309,7.5309
3200,7.5309,7.5309,7.5309,7.5309
3300,7.5309,7.5309,7.5309,7.5309
3400,7.5309,7.5309,7.5309,7.5309
3500,7.5309,7.5309,7.5309,7.5309
3600,7.5309,7.5309,7.5309,7.5309
3700,7.5309,7.5309,7.5309,7.5309
3800,7.5309,7.5309,7.5309,7.5309
3900,7.5309,7.5309,7.5309,7.5309
4000,7.5309,7.5309,7.5309,7.5309
4100,7.5309,7.5309,7.5309,7.5309
4200,7.5309,7.5309,7.5309,7.5309
4300,7.5309,7.5309,7.5309,7.5309
4400,7.5309,7.5309,7.5309,7.5309
4500,7.5309,7.5309,7.5309,7.5309
4600,7.5309,7.5309,7.5309,7.5309
4700,7.5309,7.5309,7.5309,7.5309
4800,7.5309,7.5309,7.5309,7.5309
4900,7.5309,7.5309,7.5309,7.5309
5000,7.5309,7.5309,7.5309,7.5309
5100,7.5309,7.5309,7.5309,7.5309
5200,7.5309,7.5309,7.5309,7.5309
5300,7.5309,7.5309,7.5309,7.5309
5400,7.5309,7.5309,7.5309,7.5309
5500,7.5309,7.5309,7.5309,7.5309
5600,7.5309,7.5309,7.5309,7.5309
5700,7.5309,7.5309,7.5309,7.5309
5800,7.5309,7.5309,7.5309,7.5309
5900,7.5309,7.5309,7.5309,7.5309
6000,7.5309,7.5309,7.5309,7.5309
6100,7.5309,7.5309,7.5309,7.5309
6200,7.5309,7.5309,7.5309,7.5309
6300,7.5309,7.5309,7.5309,7.5309
6400,7.5309,7.5309,7.5309,7.5309
6500,7.5309,7.5309,7.5309,7.5309
6600,7.5309,7.5309,7.5309,7.5309
6700,7.5309,7.5309,7.5309,7.5309
6800,7.5309,7.5309,7.5309,7.5309
6900,7.5309,7.5309,7.5309,7.5309
7000,7.5309,7.5309,7.5309,7.5309
7100,7.5309,7.5309,7.5309,7.5309
7200,7.5309,7.5309,7.5309,7.5309
7300,7.5309,7.5309,7.5309,7.5309
7400,7.5309,7.5309,7.5309,7.5309
7500,7.5309,7.5309,7.5309,7.5309
7600,7.5309,7.5309,7.5309,7.5309
7700,7.5309,7.5309,7.5309,7.5309
7800,7.5309,7.5309,7.5309,7.5309
7900,7.5309,7.5309,7.5309,7.5309
8000,7.5309,7.5309,7.5309,7.5309
8100,7.5309,7.5309,7.5309,7.5309
8200,7.5309,7.5309,7.5309,7.5309
8300,7.5309,7.5309,7.5309,7.5309
8400,7.5309,7.5309,7.5309,7.5309
8500,7.5309,7.5309,7.5309,7.5309
8600,7.5309,7.5309,7.5309,7.5309
8700,7.5309,7.5309,7.5309,7.5309
8800,7.5309,7.5309,7.5309,7.5309
8900,7.5309,7.5309,7.5309,7.5309
9000,7.5309,7.5309,7.5309,7.5309
9100,7.5309,7.5309,7.5309,7.5309
9200,7.5309,7.5309,7.5309,7.5309
9300,7.5309,7.5309,7.5309,7.5309
9400,7.5309,7.5309,7.5309,7.5309
9500,7.5309,7.5309,7.5309,7.5309
9600,7.5309,7.5309,7.5309,7.5309
9700,7.5309,7.5309,7.5309,7.5309
9800,7.5309,7.5309,7.5309,7.5309
9900,7.5309,7.5309,7.5309,7.5309
10000,7.5309,7.5309,7.5309,7.5309
10100,7.5309,7.5309,7.5309,7.5309
10200,7.5309,7.5309,7.5309,7.5309
10300,7.5309,7.5309,7.5309,7.5309
10400,7.5309,7.5309,7.5309,7.5309
10500,7.5309,7.5309,7.5309,7.5309
10600,7.5309,7.5309,7.5309,7.5309
10700,7.5309,7.5309,7.5309,7.5309
10800,7.5309,7.5309,7.5309,7.5309
10900,7.5309,7.5309,7.5309,7.5309
11000,7.5309,7.5309,7.5309,7.5309
11100,7.4910,7.5309,7.5309,7.5309
11200,7.2718,7.5309,7.5309,7.5309
11300,7.2718,7.5309,7.5309,7.5309
11400,7.2718,7.5309,7.5309,7.5309
11500,7.2718,7.5309,7.5309,7.5309
11600,7.2718,7.5309,7.5309,7.5309
11700,7.2718,7.5309,7.5309,7.5309
11800,7.2070,7.5309,7.5309,7.5309
11900,7.0433,7.5309,7.5309,7.5309
12000,6.8408,7.5309,7.5309,7.5309
12100,6.7938,7.5309,7.5309,7.5309
12200,6.7938,7.5309,7.5309,7.5309
12300,6.7938,7.5309,7.5309,7.5309
12400,6.7938,7.5309,7.5309,7.5309
12500,6.7938,7.5309,7.5309,7.5309
12600,6.7938,7.5309,7.5309,7.5309
12700,6.6983,7.5309,7.5309,7.5309
12800,6.6983,7.5309,7.5309,7.5309
12900,6.6983,7.5309,7.5309,7.5309
13000,6.6983,7.5309,7.5309,7.5309
13100,,7.5309,7.5309,7.5309
13200,,7.5309,7.5309,7.5309
13300,,7.5309,7.5309,7.5309
13400,,7.5309,7.5309,7.5309
13500,,7.5309,7.5309,7.5309
13600,,7.5309,7.5309,7.5309
13700,,7.5309,7.5309,7.5309
13800,,7.5309,7.5309,7.5309
13900,,7.5309,7.5309,7.5309
14000,,7.5309,7.5309,7.5309
14100,,7.5309,7.5309,7.5309
14200,,7.5309,7.5309,7.5309
14300,,7.5309,7.5309,7.5309
14400,,7.5309,7.5309,7.5309
14500,,7.5309,7.5309,7.5309
14600,,7.5309,7.5309,7.5309
14700,,7.5309,7.5309,7.5309
14800,,7.5309,7.5309,7.5309
14900,,7.5309,7.5309,7.5309
15000,,7.5309,7.5309,7.5309
15100,,7.5309,7.5309,7.5309
15200,,7.5309,7.5309,7.5309
15300,,7.5309,7.5309,7.5309
15400,,7.5309,7.5309,7.5309
15500,,7.5309,7.5309,7.5309
15600,,7.5309,7.5309,7.5309
15700,,7.5309,7.5309,7.5309
15800,,7.5309,7.5309,7.5309
15900,,7.5309,7.5309,7.5309
16000,,7.5309,7.5309,7.5309
16100,,7.5309,7.5309,7.5309
16200,,7.5309,7.5309,7.5309
16300,,7.5309,7.5309,7.5309
16400,,7.5309,7.5309,7.5309
16500,,7.5309,7.5309,7.5309
16600,,7.5309,7.5309,7.5309
16700,,7.5309,7.5309,7.5309
16800,,7.5309,7.5309,7.5309
16900,,7.5309,7.5309,7.5309
17000,,7.5309,7.5309,7.5309
17100,,7.5309,7.5309,7.5309
17200,,7.5309,7.5309,7.5309
17300,,7.5309,7.5309,7.5309
17400,,7.5309,7.5309,7.5309
17500,,7.5309,7.5309,7.5309
17600,,7.5309,7.5309,7.5309
17700,,7.5309,7.5309,7.5309
17800,,7.5309,7.5309,7.5309
17900,,7.5309,7.5309,7.5309
18000,,7.5309,7.5309,7.5309
18100,,7.5309,7.5309,7.5309
18200,,7.5309,7.5309,7.5309
18300,,7.5309,7.5309,7.5309
18400,,7.5309,7.5309,7.5309
18500,,7.5309,7.5309,7.5309
18600,,7.5309,7.5309,7.5309
18700,,7.5309,7.5309,7.5309
18800,,7.5309,7.5309,7.5309
18900,,7.5309,7.5309,7.5309
19000,,7.5309,7.5309,7.5309
19100,,7.5309,7.5309,7.5309
19200,,7.5309,7.5309,7.5309
19300,,7.5309,7.5309,7.5309
19400,,7.5309,7.5309,7.5309
19500,,7.5309,7.5309,7.5309
19600,,7.5309,7.5309,7.5309
19700,,7.5309,7.5309,7.5309
19800,,7.5309,7.5309,7.5309
19900,,7.5309,7.5309,7.5309
20000,,7.5309,7.5309,7.5309
20100,,7.5309,7.5309,7.5309
20200,,7.5309,7.5309,7.5309
20300,,7.5309,7.5309,7.5309
20400,,7.5309,7.5309,7.5309
20500,,7.5309,7.5309,7.5309
20600,,7.5309,7.5309,7.5309
20700,,7.5309,7.5309,7.5309
20800,,7.5309,7.5309,7.5309
20900,,7.5309,7.5309,7.5309
21000,,7.5309,7.5309,7.5309
21100,,7.5309,7.5309,7.5309
21200,,7.5309,7.5309,7.5309
21300,,7.5309,7.5309,7.5309
21400,,7.5309,7.5309,7.5309
21500,,7.5309,7.5309,7.5309
21600,,7.5309,7.5309,7.5309
21700,,7.5309,7.5309,7.5309
21800,,7.5309,7.5309,7.5309
21900,,7.5309,7.5309,7.5309
22000,,7.5309,7.5309,7.5309
22100,,7.5309,7.5309,7.5309
22200,,7.5223,7.5309,7.5309
22300,,7.4324,7.5309,7.5309
22400,,7.4324,7.5309,7.5309
22500,,7.4324,7.5309,7.5309
22600,,7.4324,7.5309,7.5309
22700,,7.4324,7.5309,7.5309
22800,,7.3195,7.5309,7.5309
22900,,7.3195,7.5309,7.5309
23000,,7.2034,7.5309,7.5309
23100,,7.1874,7.5309,7.5309
23200,,7.1874,7.5309,7.5309
23300,,7.1874,7.5309,7.5309
23400,,7.1577,7.5309,7.5309
23500,,7.1081,7.5309,7.5309
23600,,7.1081,7.5309,7.5309
23700,,7.1081,7.5309,7.5309
23800,,7.1060,7.5309,7.5309
23900,,7.0684,7.5309,7.5309
24000,,7.0022,7.5309,7.5309
24100,,7.0022,7.5309,7.5309
24200,,7.0022,7.5309,7.5309
24300,,7.0022,7.5309,7.5309
24400,,7.0022,7.5309,7.5309
24500,,6.9916,7.5309,7.5309
24600,,6.9099,7.5309,7.5309
24700,,6.9099,7.5309,7.5309
24800,,6.9099,7.5309,7.5309
24900,,6.9099,7.5309,7.5309
25000,,6.9099,7.5309,7.5309
25100,,6.9099,7.5309,7.5309
25200,,6.9099,7.5309,7.5309
25300,,6.9099,7.5309,7.5309
25400,,6.9099,7.5309,7.5309
25500,,6.9099,7.5309,7.5309
25600,,6.9099,7.5309,7.5309
25700,,6.9099,7.5309,7.5309
25800,,6.8762,7.5309,7.5309
25900,,6.8762,7.5309,7.5309
26000,,6.8762,7.5309,7.5309
26100,,6.8762,7.5309,7.5309
26200,,6.8611,7.5309,7.5309
26300,,6.8611,7.5309,7.5309
26400,,6.8611,7.5309,7.5309
26500,,6.8510,7.5309,7.5309
26600,,6.8510,7.5309,7.5309
26700,,,7.5309,7.5309
26800,,,7.5309,7.5309
26900,,,7.5309,7.5309
27000,,,7.5309,7.5309
27100,,,7.5309,7.5309
27200,,,7.5309,7.5309
27300,,,7.5309,7.5309
27400,,,7.5309,7.5309
27500,,,7.5309,7.5309
27600,,,7.5309,7.5309
27700,,,7.5309,7.5309
27800,,,7.5309,7.5309
27900,,,7.5309,7.5309
28000,,,7.5309,7.5309
28100,,,7.5309,7.5309
28200,,,7.5309,7.5309
28300,,,7.5309,7.5309
28400,,,7.5309,7.5309
28500,,,7.5309,7.5309
28600,,,7.5309,7.5309
28700,,,7.5309,7.5309
28800,,,7.5309,7.5309
28900,,,7.5309,7.5309
29000,,,7.5309,7.5309
29100,,,7.5309,7.5309
29200,,,7.5309,7.5309
29300,,,7.5309,7.5309
29400,,,7.5309,7.5309
29500,,,7.5309,7.5309
29600,,,7.5309,7.5309
29700,,,7.5309,7.5309
29800,,,7.5309,7.5309
29900,,,7.5309,7.5309
30000,,,7.5309,7.5309
30100,,,7.5309,7.5309
30200,,,7.5309,7.5309
30300,,,7.5309,7.5309
30400,,,7.5309,7.5309
30500,,,7.5309,7.5309
30600,,,7.5309,7.5309
30700,,,7.5309,7.5309
30800,,,7.5309,7.5309
30900,,,7.5309,7.5309
31000,,,7.5309,7.5309
31100,,,7.5309,7.5309
31200,,,7.5309,7.5309
31300,,,7.5309,7.5309
31400,,,7.5309,7.5309
31500,,,7.5309,7.5309
31600,,,7.5309,7.5309
31700,,,7.5309,7.5309
31800,,,7.5309,7.5309
31900,,,7.5309,7.5309
32000,,,7.5309,7.5309
32100,,,7.5309,7.5309
32200,,,7.5309,7.5309
32300,,,7.5309,7.5309
32400,,,7.5309,7.5309
32500,,,7.5309,7.5309
32600,,,7.5309,7.5309
32700,,,7.5309,7.5309
32800,,,7.5309,7.5309
32900,,,7.5309,7.5309
33000,,,7.5309,7.5309
33100,,,7.5309,7.5309
33200,,,7.5309,7.5309
33300,,,7.5309,7.5309
33400,,,7.5309,7.5309
33500,,,7.5309,7.5309
33600,,,7.5309,7.5309
33700,,,7.5309,7.5309
33800,,,7.5309,7.5309
33900,,,7.5309,7.5309
34000,,,7.5309,7.5309
34100,,,7.5309,7.5309
34200,,,7.5309,7.5309
34300,,,7.5309,7.5309
34400,,,7.5309,7.5309
34500,,,7.5309,7.5309
34600,,,7.5309,7.5309
34700,,,7.5309,7.5309
34800,,,7.5309,7.5309
34900,,,7.5309,7.5309
35000,,,7.5309,7.5309
35100,,,7.5309,7.5309
35200,,,7.5309,7.5309
35300,,,7.5309,7.5309
35400,,,7.5309,7.5309
35500,,,7.5309,7.5309
35600,,,7.5309,7.5309
35700,,,7.5309,7.5309
35800,,,7.5309,7.5309
35900,,,7.5309,7.5309
36000,,,7.5309,7.5309
36100,,,7.5309,7.5309
36200,,,7.5309,7.5309
36300,,,7.5309,7.5309
36400,,,7.5309,7.5309
36500,,,7.5309,7.5309
36600,,,7.5309,7.5309
36700,,,7.5309,7.5309
36800,,,7.5309,7.5309
36900,,,7.5309,7.5309
37000,,,7.5309,7.5309
37100,,,7.5309,7.5309
37200,,,7.5309,7.5309
37300,,,7.5309,7.5309
37400,,,7.5309,7.5309
37500,,,7.5309,7.5309
37600,,,7.5309,7.5309
37700,,,7.5309,7.5309
37800,,,7.5309,7.5309
37900,,,7.5309,7.5309
38000,,,7.5309,7.5309
38100,,,7.5309,7.5309
38200,,,7.5309,7.5309
38300,,,7.5309,7.5309
38400,,,7.5309,7.5309
38500,,,7.5309,7.5309
38600,,,7.5309,7.5309
38700,,,7.5309,7.5309
38800,,,7.5309,7.5309
38900,,,7.5309,7.5309
39000,,,7.5309,7.5309
39100,,,7.5309,7.5309
39200,,,7.5309,7.5309
39300,,,7.5309,7.5309
39400,,,7.5309,7.5309
39500,,,7.5309,7.5309
39600,,,7.5309,7.5309
39700,,,7.5309,7.5309
39800,,,7.5309,7.5309
39900,,,7.5309,7.5309
40000,,,7.5309,7.5309
40100,,,7.5309,7.5309
40200,,,7.5309,7.5309
40300,,,7.5309,7.5309
40400,,,7.5309,7.5309
40500,,,7.5309,7.5309
40600,,,7.5309,7.5309
40700,,,7.5309,7.5309
40800,,,7.5309,7.5309
40900,,,7.5309,7.5309
41000,,,7.5309,7.5309
41100,,,7.5309,7.5309
41200,,,7.5309,7.5309
41300,,,7.5309,7.5309
41400,,,7.5309,7.5309
41500,,,7.5309,7.5309
41600,,,7.5309,7.5309
41700,,,7.5309,7.5309
41800,,,7.5309,7.5309
41900,,,7.5309,7.5309
42000,,,7.5309,7.5309
42100,,,7.5309,7.5309
42200,,,7.5309,7.5309
42300,,,7.5309,7.5309
42400,,,7.5309,7.5309
42500,,,7.5309,7.5309
42600,,,7.5309,7.5309
42700,,,7.5309,7.5309
42800,,,7.5309,7.5309
42900,,,7.5309,7.5309
43000,,,7.5309,7.5309
43100,,,7.5309,7.5309
43200,,,7.5309,7.5309
43300,,,7.5309,7.5309
43400,,,7.5309,7.5309
43500,,,7.5309,7.5309
43600,,,7.5309,7.5309
43700,,,7.5309,7.5309
43800,,,7.5309,7.5309
43900,,,7.5309,7.5309
44000,,,7.5309,7.5309
44100,,,7.5309,7.5309
44200,,,7.5309,7.5309
44300,,,7.5309,7.5309
44400,,,7.5309,7.5309
44500,,,7.5309,7.5309
44600,,,7.5309,7.5309
44700,,,7.5309,7.5309
44800,,,7.5309,7.5309
44900,,,7.5309,7.5309
45000,,,7.5309,7.5309
45100,,,7.5309,7.5309
45200,,,7.5309,7.5309
45300,,,7.5309,7.5309
45400,,,7.5309,7.5309
45500,,,7.5309,7.5309
45600,,,7.5309,7.5309
45700,,,7.5309,7.5309
45800,,,7.5309,7.5309
45900,,,7.5309,7.5309
46000,,,7.5309,7.5309
46100,,,7.5309,7.5309
46200,,,7.5309,7.5309
46300,,,7.5309,7.5309
46400,,,7.5309,7.5309
46500,,,7.5309,7.5309
46600,,,7.5309,7.5309
46700,,,7.5309,7.5309
46800,,,7.5309,7.5309
46900,,,7.5309,7.5309
47000,,,7.5309,7.5309
47100,,,7.5309,7.5309
47200,,,7.5309,7.5309
47300,,,7.5309,7.5309
47400,,,7.5309,7.5309
47500,,,7.5309,7.5309
47600,,,7.5309,7.5309
47700,,,7.5309,7.5309
47800,,,7.5309,7.5309
47900,,,7.5309,7.5309
48000,,,7.5309,7.5309
48100,,,7.5309,7.5309
48200,,,7.5309,7.5309
48300,,,7.5309,7.5309
48400,,,7.5309,7.5309
48500,,,7.5309,7.5309
48600,,,7.5309,7.5309
48700,,,7.5309,7.5309
48800,,,7.5309,7.5309
48900,,,7.5309,7.5309
49000,,,7.5309,7.5309
49100,,,7.5309,7.5309
49200,,,7.5309,7.5309
49300,,,7.5309,7.5309
49400,,,7.5309,7.5309
49500,,,7.4493,7.5309
49600,,,7.4493,7.5309
49700,,,7.4493,7.5309
49800,,,7.4493,7.5309
49900,,,7.2705,7.5309
50000,,,7.2705,7.5309
50100,,,7.2705,7.5309
50200,,,7.2705,7.5309
50300,,,7.2705,7.5309
50400,,,7.2705,7.5309
50500,,,7.2705,7.5309
50600,,,7.2705,7.5309
50700,,,7.2705,7.5309
50800,,,7.2705,7.5309
50900,,,7.2705,7.5309
51000,,,7.2705,7.5309
51100,,,7.2705,7.5309
51200,,,7.1880,7.5309
51300,,,7.1880,7.5309
51400,,,7.1880,7.5309
51500,,,7.1880,7.5309
51600,,,7.1160,7.5309
51700,,,7.1160,7.5309
51800,,,7.1160,7.5309
51900,,,7.1160,7.5309
52000,,,6.9953,7.5309
52100,,,6.9176,7.5309
52200,,,6.8831,7.5309
52300,,,6.8831,7.5309
52400,,,6.8831,7.5309
52500,,,6.8831,7.5309
52600,,,6.8831,7.5309
52700,,,6.8831,7.5309
52800,,,6.8831,7.5309
52900,,,6.8831,7.5309
53000,,,6.8831,7.5309
53100,,,6.8831,7.5309
53200,,,6.8831,7.5309
53300,,,6.8831,7.5309
53400,,,6.8831,7.5309
53500,,,6.8831,7.5309
53600,,,6.8831,7.5309
53700,,,6.8831,7.5309
53800,,,6.8831,7.5309
53900,,,6.8831,7.5309
54000,,,6.8831,7.5309
54100,,,6.8831,7.5309
54200,,,6.8831,7.5309
54300,,,6.8831,7.5309
54400,,,6.8831,7.5309
54500,,,6.8831,7.5309
54600,,,6.8831,7.5309
54700,,,6.8831,7.5309
54800,,,6.8831,7.5309
54900,,,6.8831,7.5309
55000,,,6.8831,7.5309
55100,,,6.8831,7.5309
55200,,,6.8831,7.5309
55300,,,6.8063,7.5309
55400,,,6.8063,7.5309
55500,,,6.8063,7.5309
55600,,,6.8014,7.5309
55700,,,6.8008,7.5309
55800,,,6.8008,7.5309
55900,,,6.8008,7.5309
56000,,,6.8008,7.5309
56100,,,6.8008,7.5309
56200,,,6.8008,7.5309
56300,,,6.8008,7.5309
56400,,,6.7550,7.5309
56500,,,6.7209,7.5309
56600,,,6.7209,7.5309
56700,,,6.7209,7.5309
56800,,,6.7209,7.5309
56900,,,6.7209,7.5309
57000,,,6.7209,7.5309
57100,,,6.7208,7.5309
57200,,,6.6515,7.5309
57300,,,6.6515,7.5309
57400,,,6.6515,7.5309
57500,,,6.6515,7.5309
57600,,,6.6515,7.5309
57700,,,6.6515,7.5309
57800,,,6.6515,7.5309
57900,,,6.6515,7.5309
58000,,,6.6515,7.5309
58100,,,6.6515,7.5309
58200,,,6.6515,7.5309
58300,,,6.6515,7.5309
58400,,,6.6515,7.5309
58500,,,6.6515,7.5309
58600,,,6.6515,7.5309
58700,,,6.6515,7.5309
58800,,,6.6515,7.5309
58900,,,6.6515,7.5309
59000,,,6.6515,7.5309
59100,,,6.6515,7.5309
59200,,,6.6515,7.5309
59300,,,6.6515,7.5309
59400,,,6.6515,7.5309
59500,,,6.6515,7.5309
59600,,,6.6515,7.5309
59700,,,6.6515,7.5309
59800,,,6.6515,7.5309
59900,,,6.6515,7.5309
60000,,,6.6515,7.5309
60100,,,6.6515,7.5309
60200,,,6.6515,7.5309
60300,,,6.6515,7.5309
60400,,,6.6515,7.5309
60500,,,6.6515,7.5309
60600,,,6.6515,7.5309
60700,,,6.6515,7.5309
60800,,,6.6515,7.5309
60900,,,6.6515,7.5309
61000,,,6.6515,7.5309
61100,,,6.6515,7.5309
61200,,,6.6515,7.5309
61300,,,6.6515,7.5309
61400,,,6.6515,7.5309
61500,,,6.6515,7.5309
61600,,,6.6515,7.5309
61700,,,6.6515,7.5309
61800,,,6.6515,7.5309
61900,,,6.5873,7.5309
62000,,,6.5873,7.5309
62100,,,6.5873,7.5309
62200,,,6.5873,7.5309
62300,,,6.5873,7.5309
62400,,,6.5873,7.5309
62500,,,6.5873,7.5309
62600,,,6.5658,7.5309
62700,,,6.5651,7.5309
62800,,,6.5651,7.5309
62900,,,6.5327,7.5309
63000,,,6.5261,7.5309
63100,,,6.5261,7.5309
63200,,,6.5261,7.5309
63300,,,6.5261,7.5309
63400,,,6.5261,7.5309
63500,,,6.5261,7.5309
63600,,,6.5261,7.5309
63700,,,6.5261,7.5309
63800,,,6.5261,7.5309
63900,,,6.5261,7.5309
64000,,,6.5261,7.5309
64100,,,6.5261,7.5309
64200,,,6.5261,7.5309
64300,,,6.5261,7.5309
64400,,,6.5261,7.5309
64500,,,6.5261,7.5309
64600,,,6.5261,7.5309
64700,,,6.5261,7.5309
64800,,,6.5261,7.5309
64900,,,6.5203,7.5309
65000,,,6.5203,7.5309
65100,,,6.4749,7.5309
65200,,,6.4749,7.5309
65300,,,6.4742,7.5309
65400,,,6.4742,7.5309
65500,,,6.4742,7.5309
65600,,,6.4742,7.5309
65700,,,6.4742,7.5309
65800,,,6.4742,7.5309
65900,,,6.4742,7.5309
66000,,,6.4411,7.5309
66100,,,6.4411,7.5309
66200,,,6.4411,7.5309
66300,,,6.4411,7.5309
66400,,,6.4411,7.5309
66500,,,6.4411,7.5309
66600,,,6.4411,7.5309
66700,,,6.4411,7.5309
66800,,,6.4411,7.5309
66900,,,6.4411,7.5309
67000,,,6.4411,7.5309
67100,,,,7.5309
67200,,,,7.5309
67300,,,,7.5309
67400,,,,7.5309
67500,,,,7.5309
67600,,,,7.5309
67700,,,,7.5309
67800,,,,7.5309
67900,,,,7.5309
68000,,,,7.5309
68100,,,,7.5309
68200,,,,7.5309
68300,,,,7.5309
68400,,,,7.5309
68500,,,,7.5309
68600,,,,7.5309
68700,,,,7.5309
68800,,,,7.5309
68900,,,,7.5309
69000,,,,7.5309
69100,,,,7.5309
69200,,,,7.5309
69300,,,,7.5309
69400,,,,7.5309
69500,,,,7.5309
69600,,,,7.5309
69700,,,,7.5309
69800,,,,7.5309
69900,,,,7.5309
70000,,,,7.5309
70100,,,,7.5309
70200,,,,7.5309
70300,,,,7.5309
70400,,,,7.5309
70500,,,,7.5309
70600,,,,7.5309
70700,,,,7.5309
70800,,,,7.5309
70900,,,,7.5309
71000,,,,7.5309
71100,,,,7.5309
71200,,,,7.5309
71300,,,,7.5309
71400,,,,7.5309
71500,,,,7.5309
71600,,,,7.5309
71700,,,,7.5309
71800,,,,7.5309
71900,,,,7.5309
72000,,,,7.5309
72100,,,,7.5309
72200,,,,7.5309
72300,,,,7.5309
72400,,,,7.5309
72500,,,,7.5309
72600,,,,7.5309
72700,,,,7.5309
72800,,,,7.5309
72900,,,,7.5309
73000,,,,7.5309
73100,,,,7.5309
73200,,,,7.5309
73300,,,,7.5309
73400,,,,7.5309
73500,,,,7.5309
73600,,,,7.5309
73700,,,,7.5309
73800,,,,7.5309
73900,,,,7.5309
74000,,,,7.5309
74100,,,,7.5309
74200,,,,7.5309
74300,,,,7.5309
74400,,,,7.5309
74500,,,,7.5309
74600,,,,7.5309
74700,,,,7.5309
74800,,,,7.5309
74900,,,,7.5309
75000,,,,7.5309
75100,,,,7.5309
75200,,,,7.5309
75300,,,,7.5309
75400,,,,7.5309
75500,,,,7.5309
75600,,,,7.5309
75700,,,,7.5309
75800,,,,7.5309
75900,,,,7.5309
76000,,,,7.5309
76100,,,,7.5309
76200,,,,7.5309
76300,,,,7.5309
76400,,,,7.5309
76500,,,,7.5309
76600,,,,7.5309
76700,,,,7.5309
76800,,,,7.5309
76900,,,,7.5309
77000,,,,7.5309
77100,,,,7.5309
77200,,,,7.5309
77300,,,,7.5309
77400,,,,7.5309
77500,,,,7.5309
77600,,,,7.5309
77700,,,,7.5309
77800,,,,7.5309
77900,,,,7.5309
78000,,,,7.5309
78100,,,,7.5309
78200,,,,7.5309
78300,,,,7.5309
78400,,,,7.5309
78500,,,,7.5309
78600,,,,7.5309
78700,,,,7.5309
78800,,,,7.5309
78900,,,,7.5309
79000,,,,7.5309
79100,,,,7.5309
79200,,,,7.5309
79300,,,,7.5309
79400,,,,7.5309
79500,,,,7.5309
79600,,,,7.5309
79700,,,,7.5309
79800,,,,7.5309
79900,,,,7.5309
80000,,,,7.5309
80100,,,,7.5309
80200,,,,7.5309
80300,,,,7.5309
80400,,,,7.5309
80500,,,,7.5309
80600,,,,7.5309
80700,,,,7.5309
80800,,,,7.5309
80900,,,,7.5309
81000,,,,7.5309
81100,,,,7.5309
81200,,,,7.5309
81300,,,,7.5309
81400,,,,7.5309
81500,,,,7.5309
81600,,,,7.5309
81700,,,,7.5309
81800,,,,7.5309
81900,,,,7.5309
82000,,,,7.5309
82100,,,,7.5309
82200,,,,7.5309
82300,,,,7.5309
82400,,,,7.5309
82500,,,,7.5309
82600,,,,7.5309
82700,,,,7.5309
82800,,,,7.5309
82900,,,,7.5309
83000,,,,7.5309
83100,,,,7.5309
83200,,,,7.5309
83300,,,,7.5309
83400,,,,7.5309
83500,,,,7.5309
83600,,,,7.5309
83700,,,,7.5309
83800,,,,7.5309
83900,,,,7.5309
84000,,,,7.5309
84100,,,,7.5309
84200,,,,7.5309
84300,,,,7.5309
84400,,,,7.5309
84500,,,,7.5309
84600,,,,7.5309
84700,,,,7.5309
84800,,,,7.5309
84900,,,,7.5309
85000,,,,7.5309
85100,,,,7.5309
85200,,,,7.5309
85300,,,,7.5309
85400,,,,7.5309
85500,,,,7.5309
85600,,,,7.5309
85700,,,,7.5309
85800,,,,7.5309
85900,,,,7.5309
86000,,,,7.5309
86100,,,,7.5309
86200,,,,7.5309
86300,,,,7.5309
86400,,,,7.5309
86500,,,,7.5309
86600,,,,7.5309
86700,,,,7.5309
86800,,,,7.5309
86900,,,,7.5309
87000,,,,7.5309
87100,,,,7.5309
87200,,,,7.5309
87300,,,,7.5309
87400,,,,7.5309
87500,,,,7.5309
87600,,,,7.5309
87700,,,,7.5309
87800,,,,7.5309
87900,,,,7.5309
88000,,,,7.5309
88100,,,,7.5309
88200,,,,7.5309
88300,,,,7.5309
88400,,,,7.5309
88500,,,,7.5309
88600,,,,7.5309
88700,,,,7.5309
88800,,,,7.5309
88900,,,,7.5309
89000,,,,7.5309
89100,,,,7.5309
89200,,,,7.5309
89300,,,,7.5309
89400,,,,7.5309
89500,,,,7.5309
89600,,,,7.5309
89700,,,,7.5309
89800,,,,7.5309
89900,,,,7.5309
90000,,,,7.5309
90100,,,,7.5309
90200,,,,7.5309
90300,,,,7.5309
90400,,,,7.5309
90500,,,,7.5309
90600,,,,7.5309
90700,,,,7.5309
90800,,,,7.5309
90900,,,,7.5309
91000,,,,7.5309
91100,,,,7.5309
91200,,,,7.5309
91300,,,,7.5309
91400,,,,7.5309
91500,,,,7.5309
91600,,,,7.5309
91700,,,,7.5309
91800,,,,7.5309
91900,,,,7.5309
92000,,,,7.5309
92100,,,,7.5309
92200,,,,7.5309
92300,,,,7.5309
92400,,,,7.5309
92500,,,,7.5309
92600,,,,7.5309
92700,,,,7.5309
92800,,,,7.5309
92900,,,,7.5309
93000,,,,7.5309
93100,,,,7.5309
93200,,,,7.5309
93300,,,,7.5309
93400,,,,7.5309
93500,,,,7.5309
93600,,,,7.5309
93700,,,,7.5309
93800,,,,7.5309
93900,,,,7.5309
94000,,,,7.5309
94100,,,,7.5309
94200,,,,7.5309
94300,,,,7.5309
94400,,,,7.5309
94500,,,,7.5309
94600,,,,7.5309
94700,,,,7.5309
94800,,,,7.5309
94900,,,,7.5309
95000,,,,7.5309
95100,,,,7.5309
95200,,,,7.5309
95300,,,,7.5309
95400,,,,7.5309
95500,,,,7.5309
95600,,,,7.5309
95700,,,,7.5309
95800,,,,7.5309
95900,,,,7.5309
96000,,,,7.5309
96100,,,,7.5309
96200,,,,7.5309
96300,,,,7.5309
96400,,,,7.5309
96500,,,,7.5309
96600,,,,7.5309
96700,,,,7.5309
96800,,,,7.5309
96900,,,,7.5309
97000,,,,7.5309
97100,,,,7.5309
97200,,,,7.5309
97300,,,,7.5309
97400,,,,7.5309
97500,,,,7.5309
97600,,,,7.5309
97700,,,,7.5309
97800,,,,7.5309
97900,,,,7.5309
98000,,,,7.5309
98100,,,,7.5309
98200,,,,7.5309
98300,,,,7.5309
98400,,,,7.5309
98500,,,,7.5309
98600,,,,7.5309
98700,,,,7.5309
98800,,,,7.5309
98900,,,,7.5309
99000,,,,7.5309
99100,,,,7.5309
99200,,,,7.5309
99300,,,,7.5309
99400,,,,7.5309
99500,,,,7.5309
99600,,,,7.5309
99700,,,,7.5309
99800,,,,7.5309
99900,,,,7.5309
100000,,,,7.5309
100100,,,,7.5309
100200,,,,7.5309
100300,,,,7.5309
100400,,,,7.5309
100500,,,,7.5309
100600,,,,7.5309
100700,,,,7.5309
100800,,,,7.5309
100900,,,,7.5309
101000,,,,7.5309
101100,,,,7.5309
101200,,,,7.5309
101300,,,,7.5309
101400,,,,7.5309
101500,,,,7.5309
101600,,,,7.5309
101700,,,,7.5309
101800,,,,7.5309
101900,,,,7.5309
102000,,,,7.5309
102100,,,,7.5309
102200,,,,7.5309
102300,,,,7.5309
102400,,,,7.5309
102500,,,,7.5309
102600,,,,7.5309
102700,,,,7.5309
102800,,,,7.5309
102900,,,,7.5309
103000,,,,7.5309
103100,,,,7.5309
103200,,,,7.5309
103300,,,,7.5309
103400,,,,7.5309
103500,,,,7.5309
103600,,,,7.5309
103700,,,,7.5309
103800,,,,7.5309
103900,,,,7.5309
104000,,,,7.5309
104100,,,,7.5309
104200,,,,7.5309
104300,,,,7.5309
104400,,,,7.5309
104500,,,,7.5309
104600,,,,7.5309
104700,,,,7.5309
104800,,,,7.5309
104900,,,,7.5309
105000,,,,7.5309
105100,,,,7.5309
105200,,,,7.5309
105300,,,,7.5309
105400,,,,7.5309
105500,,,,7.5309
105600,,,,7.5309
105700,,,,7.5309
105800,,,,7.5309
105900,,,,7.5309
106000,,,,7.5309
106100,,,,7.5309
106200,,,,7.5309
106300,,,,7.5309
106400,,,,7.5309
106500,,,,7.5309
106600,,,,7.5309
106700,,,,7.5309
106800,,,,7.5309
106900,,,,7.5309
107000,,,,7.5309
107100,,,,7.5309
107200,,,,7.5309
107300,,,,7.5309
107400,,,,7.5309
107500,,,,7.5309
107600,,,,7.5309
107700,,,,7.5309
107800,,,,7.5309
107900,,,,7.5309
108000,,,,7.5309
108100,,,,7.5309
108200,,,,7.5309
108300,,,,7.5309
108400,,,,7.5309
108500,,,,7.5309
108600,,,,7.5309
108700,,,,7.5309
108800,,,,7.5309
108900,,,,7.5309
109000,,,,7.5309
109100,,,,7.5309
109200,,,,7.5309
109300,,,,7.5309
109400,,,,7.5309
109500,,,,7.5309
109600,,,,7.5309
109700,,,,7.5309
109800,,,,7.5309
109900,,,,7.5309
110000,,,,7.5309
110100,,,,7.5309
110200,,,,7.5309
110300,,,,7.4150
110400,,,,7.4150
110500,,,,7.4150
110600,,,,7.4150
110700,,,,7.4150
110800,,,,7.4150
110900,,,,7.4150
111000,,,,7.4150
111100,,,,7.4150
111200,,,,7.4150
111300,,,,7.4150
111400,,,,7.4150
111500,,,,7.4150
111600,,,,7.4150
111700,,,,7.4150
111800,,,,7.4150
111900,,,,7.4150
112000,,,,7.4150
112100,,,,7.4150
112200,,,,7.4150
112300,,,,7.4150
112400,,,,7.4150
112500,,,,7.4150
112600,,,,7.4150
112700,,,,7.4150
112800,,,,7.4150
112900,,,,7.4150
113000,,,,7.4150
113100,,,,7.4150
113200,,,,7.4150
113300,,,,7.4150
113400,,,,7.4150
113500,,,,7.4150
113600,,,,7.4150
113700,,,,7.4150
113800,,,,7.4150
113900,,,,7.4150
114000,,,,7.4150
114100,,,,7.4150
114200,,,,7.4150
114300,,,,7.4150
114400,,,,7.4150
114500,,,,7.4150
114600,,,,7.4150
114700,,,,7.4150
114800,,,,7.4150
114900,,,,7.4150
115000,,,,7.1484
115100,,,,7.1256
115200,,,,7.1256
115300,,,,7.1256
115400,,,,7.1256
115500,,,,7.0037
115600,,,,7.0037
115700,,,,7.0037
115800,,,,7.0037
115900,,,,6.9255
116000,,,,6.9255
116100,,,,6.9255
116200,,,,6.9255
116300,,,,6.7981
116400,,,,6.7981
116500,,,,6.7981
116600,,,,6.7981
116700,,,,6.7981
116800,,,,6.7981
116900,,,,6.7981
117000,,,,6.7981
117100,,,,6.7981
117200,,,,6.7981
117300,,,,6.7981
117400,,,,6.7981
117500,,,,6.7981
117600,,,,6.7981
117700,,,,6.7981
117800,,,,6.7981
117900,,,,6.7981
118000,,,,6.7981
118100,,,,6.7981
118200,,,,6.7981
118300,,,,6.7981
118400,,,,6.7981
118500,,,,6.7981
118600,,,,6.7981
118700,,,,6.7981
118800,,,,6.7981
118900,,,,6.7981
119000,,,,6.7981
119100,,,,6.7981
119200,,,,6.7981
119300,,,,6.7981
119400,,,,6.7981
119500,,,,6.7981
119600,,,,6.7981
119700,,,,6.7981
119800,,,,6.7981
119900,,,,6.7981
120000,,,,6.7981
120100,,,,6.7981
120200,,,,6.7981
120300,,,,6.7981
120400,,,,6.7981
120500,,,,6.7981
120600,,,,6.7981
120700,,,,6.7981
120800,,,,6.7981
120900,,,,6.7981
121000,,,,6.7981
121100,,,,6.7981
121200,,,,6.7981
121300,,,,6.7981
121400,,,,6.7981
121500,,,,6.7981
121600,,,,6.7981
121700,,,,6.7981
121800,,,,6.7981
121900,,,,6.7981
122000,,,,6.7981
122100,,,,6.7981
122200,,,,6.7981
122300,,,,6.7981
122400,,,,6.7612
122500,,,,6.7612
122600,,,,6.7612
122700,,,,6.6927
122800,,,,6.5924
122900,,,,6.5924
123000,,,,6.5924
123100,,,,6.5786
123200,,,,6.5786
123300,,,,6.5786
123400,,,,6.5268
123500,,,,6.5268
123600,,,,6.5268
123700,,,,6.5268
123800,,,,6.5268
123900,,,,6.5268
124000,,,,6.5268
124100,,,,6.5268
124200,,,,6.5268
124300,,,,6.5268
124400,,,,6.5268
124500,,,,6.5268
124600,,,,6.5268
124700,,,,6.5268
124800,,,,6.5268
124900,,,,6.5268
125000,,,,6.5268
125100,,,,6.4906
125200,,,,6.4906
125300,,,,6.4880
125400,,,,6.4880
125500,,,,6.4880
125600,,,,6.4880
125700,,,,6.4436
125800,,,,6.4436
125900,,,,6.4355
126000,,,,6.4355
126100,,,,6.4355
126200,,,,6.4355
126300,,,,6.4355
126400,,,,6.4355
126500,,,,6.4355
126600,,,,6.4355
126700,,,,6.4355
126800,,,,6.4355
126900,,,,6.4355
127000,,,,6.4355
127100,,,,6.4355
127200,,,,6.4355
127300,,,,6.4355
127400,,,,6.4355
127500,,,,6.4355
127600,,,,6.4355
127700,,,,6.4355
127800,,,,6.4355
127900,,,,6.4355
128000,,,,6.4355
128100,,,,6.4355
128200,,,,6.4355
128300,,,,6.4355
128400,,,,6.4355
128500,,,,6.4355
128600,,,,6.4355
128700,,,,6.4355
128800,,,,6.4291
128900,,,,6.4291
129000,,,,6.4291
129100,,,,6.4291
129200,,,,6.4291
129300,,,,6.4291
129400,,,,6.4291
129500,,,,6.3992
129600,,,,6.3992
129700,,,,6.3992
129800,,,,6.3992
129900,,,,6.3992
130000,,,,6.3992
130100,,,,6.3992
130200,,,,6.3992
130300,,,,6.3992
130400,,,,6.3992
130500,,,,6.3992
130600,,,,6.3992
130700,,,,6.3992
130800,,,,6.3992
130900,,,,6.3992
131000,,,,6.3992
131100,,,,6.3992
131200,,,,6.3992
131300,,,,6.3992
131400,,,,6.3992
131500,,,,6.3992
131600,,,,6.3992
131700,,,,6.3992
131800,,,,6.3992
131900,,,,6.3992
132000,,,,6.3992
132100,,,,6.3992
132200,,,,6.3992
132300,,,,6.3992
132400,,,,6.3727
132500,,,,6.3270
132600,,,,6.3270
132700,,,,6.3270
132800,,,,6.3270
132900,,,,6.3270
133000,,,,6.3270
133100,,,,6.3270
133200,,,,6.3270
133300,,,,6.3270
133400,,,,6.3270
133500,,,,6.2565
133600,,,,6.2565
133700,,,,6.2565
133800,,,,6.2565
133900,,,,6.2565
134000,,,,6.2565
134100,,,,6.2565
134200,,,,6.2565
134300,,,,6.2565
134400,,,,6.2565
134500,,,,6.2565
134600,,,,6.2565
134700,,,,6.2565
134800,,,,6.2565
134900,,,,6.2264
135000,,,,6.2264
135100,,,,6.2264
135200,,,,6.2264
135300,,,,6.2264
135400,,,,6.2264
135500,,,,6.2264
135600,,,,6.2264
135700,,,,6.2264
135800,,,,6.2264
135900,,,,6.2264
136000,,,,6.2264
136100,,,,6.2264
136200,,,,6.2264
136300,,,,6.2264
136400,,,,6.2264
136500,,,,6.2264
136600,,,,6.2264
136700,,,,6.2264
136800,,,,6.2264
136900,,,,6.2264
137000,,,,6.2264
137100,,,,6.2264
137200,,,,6.2264
137300,,,,6.2264
137400,,,,6.2264
137500,,,,6.2264
137600,,,,6.2264
137700,,,,6.2264
137800,,,,6.2264
137900,,,,6.2264
138000,,,,6.2264
138100,,,,6.2264
138200,,,,6.2264
138300,,,,6.2264
138400,,,,6.2264
138500,,,,6.2264
138600,,,,6.2264
138700,,,,6.2264
138800,,,,6.2264
138900,,,,6.2264
139000,,,,6.2264
139100,,,,6.2264
139200,,,,6.2264
139300,,,,6.2264
139400,,,,6.2264
139500,,,,6.2264
139600,,,,6.2264
139700,,,,6.2264
139800,,,,6.2264
139900,,,,6.2264
140000,,,,6.2264
140100,,,,6.2264
140200,,,,6.2264
140300,,,,6.2264
140400,,,,6.2264
140500,,,,6.2264
140600,,,,6.2264
140700,,,,6.2264
140800,,,,6.2264
140900,,,,6.2264
141000,,,,6.2264
141100,,,,6.2264
141200,,,,6.2264
141300,,,,6.2264
141400,,,,6.2264
141500,,,,6.2264
141600,,,,6.2264
141700,,,,6.2264
141800,,,,6.2264
141900,,,,6.2264
142000,,,,6.2264
142100,,,,6.2264
142200,,,,6.2264
142300,,,,6.2264
142400,,,,6.2264
142500,,,,6.2264
142600,,,,6.2264
142700,,,,6.2111
142800,,,,6.2111
142900,,,,6.2111
143000,,,,6.2111
143100,,,,6.2111
143200,,,,6.2111
143300,,,,6.2111
143400,,,,6.2111
143500,,,,6.2105
143600,,,,6.2105
143700,,,,6.2105
143800,,,,6.2105
143900,,,,6.2105
144000,,,,6.2105
144100,,,,6.2105
144200,,,,6.2105
144300,,,,6.2024
144400,,,,6.2024
144500,,,,6.1975
144600,,,,6.1975
144700,,,,6.1975
144800,,,,6.1975
144900,,,,6.1975
145000,,,,6.1975
145100,,,,6.1975
145200,,,,6.1975
145300,,,,6.1975
145400,,,,6.1975
145500,,,,6.1975
145600,,,,6.1975
145700,,,,6.1975
145800,,,,6.1975
145900,,,,6.1975
146000,,,,6.1975
146100,,,,6.1975
146200,,,,6.1975
146300,,,,6.1975
146400,,,,6.1975
146500,,,,6.1975
146600,,,,6.1975
146700,,,,6.1975
146800,,,,6.1975
146900,,,,6.1975
147000,,,,6.1975
147100,,,,6.1975
147200,,,,6.1975
147300,,,,6.1975
147400,,,,6.1975
147500,,,,6.1975
147600,,,,6.1975
147700,,,,6.1975
147800,,,,6.1975
147900,,,,6.1975
148000,,,,6.1975
148100,,,,6.1975
148200,,,,6.1975
148300,,,,6.1975
148400,,,,6.1975
148500,,,,6.1975
148600,,,,6.1975
